NEW_ID,SEX-AGE,DATE,day,month,year,TURBINE,STATE,COUNTY,LONGITUDE,LATITUDE,DD_FUR
1,ma,6/23/38,23,6,1938,0,CA,TULARE,-118.97,36.71,-96
2,fa,6/28/52,28,6,1952,0,CO,BOULDER,-105.26,40,-99
3,mj,6/28/52,28,6,1952,0,CO,BOULDER,-105.26,40,-101
4,fa,7/1/69,1,7,1969,0,IL,WINNEBAGO,-89.18,42.35,-100
5,fa,7/4/81,4,7,1981,0,WI,VERNON,-90.78,43.6,-99
6,fa,7/9/22,9,7,1922,0,MN,DOUGLAS,-95.45,45.93,-70
7,ma,7/9/01,9,7,2001,0,OR, ,-122.97,44.19,-94
8,ma,7/9/01,9,7,2001,0,WY, ,-106.27,41.57,-118
9,ma,7/9/80,9,7,1980,0,BAJA CALIFORNIA, ,-115.46,31.03,-102
10,ma,7/11/13,11,7,1913,0,CA,SONOMA,-122.99,38.5,-72
11,ma,7/11/37,11,7,1937,0,WA,COLUMBIA,-117.97,46.32,-102
12,ma,7/11/01,11,7,2001,0,MO,Lewis,-91.91,40.21,-88
13,fa,7/11/01,11,7,2001,0,ALBERTA, ,-110,50.96,-130
14,ma,7/12/35,12,7,1935,0,CA,DEL NORTE,-123.6,41.95,-91
15,ma,7/11/60,11,7,1960,0,NM,BERNALILLO,-106.38,35.07,-74
16,fa,7/12/81,12,7,1981,0,WI,SAUK,-89.95,43.45,-97
17,ma,7/12/01,12,7,2001,0,NM,Cibola,-107.66,35.24,-71
18,ma,7/12/02,12,7,2002,1,MN,Lincoln,-96.28,44.26,-91
19,fa,7/12/02,12,7,2002,1,MN,Lincoln,-96.28,44.26,-90
20,fa,7/13/01,13,7,2001,0,WY, ,-106.28,41.57,-101
21,fa,7/14/05,14,7,1905,0,ALBERTA, ,-114.08,51.08,-124
22,ma,7/13/44,13,7,1944,0,UT,SALT LAKE,-111.79,40.68,-101
23,fa,7/14/62,14,7,1962,0,LA,WEBSTER,-93.28,32.74,-65
24,fa,7/14/67,14,7,1967,0,IO,BOONE,-93.87,41.99,-66
25,ma,7/14/01,14,7,2001,0,MT, ,-108.42,45,-80
26,ma,7/15/68,15,7,1968,0,IN,FRANKLIN,-85.13,39.44,-84
27,fj,7/16/01,16,7,2001,0,MO,Lewis,-91.91,40.21,-85
28,fj,7/16/01,16,7,2001,0,VT,Addison,-73.11,44.05,-84
29,fa,7/17/70,17,7,1970,0,MT,CARTER,-104.19,45.65,-103
30,ma,7/17/70,17,7,1970,0,MT,CARTER,-104.19,45.65,-113
31,fa,7/17/70,17,7,1970,0,MT,CARTER,-104.19,45.65,-121
32,fa,7/17/71,17,7,1971,0,MT,CARTER,-104.74,45.66,-104
33,ma,7/17/01,17,7,2001,0,NM,Grant,-107.98,33.04,-111
34,fa,7/18/60,18,7,1960,0,IN,ST. JOSEPH,-86.25,41.68,-71
35,fa,7/18/62,18,7,1962,0,AR,BRADLEY,-92.17,33.44,-65
36,fa,7/18/63,18,7,1963,0,IN,ST. JOSEPH,-86.25,41.68,-71
37,fa,7/18/94,18,7,1994,0,MN,COTTONWOOD,-95.04,43.88,-91
38,mj,7/18/01,18,7,2001,0,SD,Meade,-103.43,44.17,-102
39,fj,7/18/01,18,7,2001,0,SD,Meade,-103.43,44.17,-105
40,fa,7/18/52,18,7,1952,0,IN,JACKSON,-86.12,38.97,-68
41,ma,7/19/62,19,7,1962,0,IN,HOWARD,-86.27,40.41,-65
42,fa,7/19/67,19,7,1967,0,PA,WAYNE,-75.33,41.63,-76
43,ma,7/19/01,19,7,2001,0,OR, ,-119.77,43.35,-88
44,ma,7/19/68,19,7,1968,0,PA,WAYNE,-75.33,41.63,-67
45,ma,7/20/70,20,7,1970,0,MT,CARTER,-104.19,45.65,-112
46,fj,7/21/02,21,7,2002,0,SD,Custer,-103.83,43.71,-104
47,fa,7/21/02,21,7,2002,0,SD,Custer,-103.83,43.71,-80
48,fa,7/22/15,22,7,1915,0,ND,WALSH,-97.41,48.41,-80
49,fj,7/22/01,22,7,2001,0,ALBERTA, ,-109.98,50.9,-129
50,fa,7/22/02,22,7,2002,1,TN,Anderson,-84.33,36.12,-81
51,mj,7/22/02,22,7,2002,1,TN,Anderson,-84.33,36.12,-57
52,fa,7/22/12,22,7,1912,0,ND,RICHLAND,-96.9,46.06,-97
53,ma,7/23/23,23,7,1923,0,CA,MARIPOSA,-120.11,37.74,-78
54,ma,7/22/60,22,7,1960,0,CO,ARCHULETA,-107.31,37.16,-84
55,ma,7/23/79,23,7,1979,0,NV,NYE,-117.28,38.84,-70
56,mj,7/23/02,23,7,2002,1,MN,Lincoln,-96.28,44.26,-78
57,fa,7/24/34,24,7,1934,0,MN,HENNEPIN,-93.21,44.87,-92
58,fa,7/24/39,24,7,1939,0,IL,WILLIAMSON,-88.92,37.82,-69
59,fa,7/24/53,24,7,1953,0,NE,SIOUX,-103.76,42.46,-89
60,ma,7/24/01,24,7,2001,0,NV,White Pine,-114.18,39.25,-66
61,fa,7/26/65,26,7,1965,0,ONTARIO, ,-83.56,46.83,-80
62,fa,7/26/65,26,7,1965,0,SD,BON HOMME,-97.82,42.87,-91
63,fa,7/25/68,25,7,1968,0,SD,CUSTER,-103.45,43.58,-87
64,ma,7/26/01,26,7,2001,0,PA,Forest,-79.5,41.5,-69
65,uj,7/26/02,26,7,2002,1,MN,Lincoln,-96.28,44.26,-82
66,mj,7/27/02,27,7,2002,1,CO,Weld,-104.83,40.99,-87
67,fa,7/27/60,27,7,1960,0,MT,FERGUS,-109.23,47.22,-109
68,ma,7/27/00,27,7,2000,1,CO,Weld,-104.83,40.99,-84
69,mj,7/29/02,29,7,2002,1,MN,Lincoln,-96.28,44.26,-68
70,fj,7/29/02,29,7,2002,1,MN,Lincoln,-96.28,44.26,-81
71,fj,7/29/02,29,7,2002,1,MN,Lincoln,-96.28,44.26,-85
72,fa,7/30/61,30,7,1961,0,NY,TOMPKINS,-76.49,42.31,-66
73,fa,7/30/67,30,7,1967,0,MN,COOK,-90.55,47.91,-68
74,fa,7/29/68,29,7,1968,0,SD,PENNINGTON,-104,43.94,-97
75,fa,7/30/70,30,7,1970,0,NE,SIOUX,-103.88,42.84,-125
76,ma,7/30/70,30,7,1970,0,NE,SIOUX,-103.88,42.84,-105
77,fa,7/29/80,29,7,1980,0,WI,SAUK,-89.83,43.56,-85
78,ma,7/30/01,30,7,2001,0,WY, ,-106.28,41.57,-101
79,ma,7/31/17,31,7,1917,0,CA,MODOC,-120.33,41.87,-74
80,ma,7/31/58,31,7,1958,0,CO,MONTROSE,-107.7,38.54,-92
81,fa,7/31/02,31,7,2002,1,TN,Anderson,-84.33,36.12,-55
82,fa,7/31/88,31,7,1988,0,MN,CLAY,-96.46,46.86,-87
83,fa,8/1/01,1,8,2001,0,WY, ,-106.27,41.57,-94
84,ma,8/1/02,1,8,2002,1,MN,Lincoln,-96.28,44.26,-81
85,ma,8/1/64,1,8,1964,0,NUEVO LEON, ,-99.92,24.1,-55
86,ma,8/2/97,2,8,1997,0,NM,RIO ARRIBA,-106.72,36.59,-79
87,mj,8/2/01,2,8,2001,0,SASKATCHEWAN,Cypress Hills,-110.91,49.5,-119
88,fa,8/2/01,2,8,2001,0,SASKATCHEWAN,Cypress Hills,-110.91,49.5,-133
89,fj,8/2/01,2,8,2001,0,SASKATCHEWAN,Cypress Hills,-110.91,49.5,-118
90,fj,8/3/01,3,8,2001,0,ALBERTA, ,-110.03,50.89,-119
91,fa,8/6/17,6,8,1917,0,WI,OCONTO,-88.22,45.02,-68
92,ma,8/8/01,8,8,2001,0,SD,Lawrence,-103.63,44.41,-82
93,fj,8/9/61,9,8,1961,0,NM,BERNALILLO,-106.61,35.08,-93
94,fa,8/9/01,9,8,2001,0,PA,Blair,-78.21,40.55,-80
95,ma,8/9/01,9,8,2001,0,PA,Blair,-78.21,40.55,-70
96,mj,8/9/01,9,8,2001,0,ALBERTA, ,-110.18,50.64,-130
97,fa,8/9/60,9,8,1960,0,IN,VERMILLION,-87.39,39.78,-63
98,fa,8/13/62,13,8,1962,0,NM,HIDALGO,-108.87,31.53,-84
99,ma,8/13/62,13,8,1962,0,NM,HIDALGO,-108.87,31.53,-75
100,fa,8/13/01,13,8,2001,0,WY,Washakie,-107.19,44.03,-113
101,ma,8/13/01,13,8,2001,0,WY,Washakie,-107.19,44.03,-98
102,ma,8/13/02,13,8,2002,1,MN,Lincoln,-96.28,44.26,-86
103,mj,8/15/01,15,8,2001,0,SASKATCHEWAN,Cypress Hills,-110.91,49.5,-116
104,ma,8/15/01,15,8,2001,1,CO,Weld,-104.82,40.97,-74
105,fa,8/15/02,15,8,2002,1,MN,Lincoln,-96.28,44.26,-105
106,fa,8/15/02,15,8,2002,1,MN,Lincoln,-96.28,44.26,-99
107,ma,8/15/02,15,8,2002,1,MN,Lincoln,-96.28,44.26,-67
108,fa,8/16/19,16,8,1919,0,MO,SALINE,-93.19,39.12,-73
109,ma,8/16/42,16,8,1942,0,BRITISH COLUMBIA, ,-122.3,49.05,-103
110,fa,8/16/01,16,8,2001,1,CO,Weld,-104.82,40.97,-111
111,ma,8/16/12,16,8,1912,0,NE,THOMAS,-100.26,41.9,-93
112,ma,8/17/39,17,8,1939,0,KS,MEADE,-100.33,37.28,-83
113,fa,8/18/39,18,8,1939,0,KS,MEADE,-100.33,37.28,-82
114,fa,8/19/40,19,8,1940,0,OR,CLATSOP,-123.87,46.13,-90
115,fa,8/19/40,19,8,1940,0,OR,WHEELER,-120.33,44.43,-106
116,mj,8/21/01,21,8,2001,1,CO,Weld,-104.82,40.97,-94
117,ma,8/22/02,22,8,2002,0,NM,Otero,-105.66,32.75,-68
118,ma,1/1/48,1,1,1948,0,WA,SNOHOMISH,-122.3,47.94,-134
119,fa,1/4/91,4,1,1991,0,CA,SAN MATEO,-122.25,37.43,-59
120,fa,1/14/76,14,1,1976,0,CA,LOS ANGELES,-118.03,34.13,-88
121,ma,1/14/18,14,1,1918,0,SC,CHARLESTON,-79.86,32.79,-80
122,ma,1/15/12,15,1,1912,0,AL,AUTAUGA,-86.65,32.43,-82
123,fa,1/15/72,15,1,1972,0,CA,SANTA BARBARA,-119.69,34.42,-93
124,ma,1/21/36,21,1,1936,0,LA,NATCHITOCHES,-93.28,31.56,-92
125,ma,1/24/1897,24,1,1897,0,GA,CHATHAM,-81.12,31.94,-80
126,fa,1/29/88,29,1,1988,0,NC,WAKE,-78.51,35.97,-88
127,ma,1/30/67,30,1,1967,0,CA,SANTA BARBARA,-119.69,34.42,-76
128,ma,1/31/63,31,1,1963,0,NC,ROBESON,-79,34.46,-80
129,fa,1/31/63,31,1,1963,0,NC,ROBESON,-79.04,34.4,-78
130,ma,2/1/88,1,2,1988,0,VA,FAIRFAX,-77.3,38.83,-71
131,fa,2/1/1889,1,2,1889,0,CA,MARIN,-122.69,38.06,-81
132,fa,2/5/06,5,2,1906,0,CA,LOS ANGELES,-118.14,34.14,-79
133,ma,2/8/59,8,2,1959,0,LA,VERMILION,-92.1,29.69,-71
134,fa,2/9/66,9,2,1966,0,CA,SANTA BARBARA,-119.69,34.42,-83
135,ma,2/13/38,13,2,1938,0,GA,GRADY,-84.23,30.86,-69
136,fa,2/16/38,16,2,1938,0,CA,ALAMEDA,-122.27,37.87,-84
137,fa,2/16/94,16,2,1994,0,NC,WAKE,-78.63,35.77,-81
138,fa,2/23/91,23,2,1991,0,CA,SAN MATEO,-122.23,37.48,-67
139,ma,2/25/64,25,2,1964,0,CA,SANTA BARBARA,-119.63,34.43,-133
140,ma,3/3/73,3,3,1973,0,CA,SANTA BARBARA,-119.63,34.43,-145
141,ma,3/4/63,4,3,1963,0,NC,ROBESON,-79.04,34.4,-71
142,fa,3/6/68,6,3,1968,0,CA,SANTA BARBARA,-119.69,34.42,-84
143,fa,3/9/52,9,3,1952,0,MICHOACAN, ,-102.25,19.46,-85
144,fa,3/17/59,17,3,1959,0,LA,WASHINGTON,-89.82,30.89,-73
145,ma,3/21/69,21,3,1969,0,FL,LEON,-84.28,30.43,-81
146,ma,3/21/75,21,3,1975,0,NAYARIT, ,-104.46,21.26,-83
147,fa,3/22/75,22,3,1975,0,NAYARIT, ,-104.46,21.26,-79
148,fa,3/22/66,22,3,1966,0,NC,WAKE,-78.69,35.79,-77
149,fa,3/24/63,24,3,1963,0,CHIHUAHUA, ,-106.38,29.45,-47
150,fa,3/26/53,26,3,1953,0,KS,CHEYENNE,-101.91,39.94,-83
151,fa,3/29/52,29,3,1952,0,COAHUILA, ,-101.63,27.55,-43
152,fa,3/30/90,30,3,1990,0,TX,TOM GREEN,-100.3,31.37,-80
153,fa,3/31/65,31,3,1965,0,JALISCO, ,-104.78,20.51,-67
154,ma,3/31/58,31,3,1958,0,NC,NEW HANOVER,-77.86,34.25,-94
155,fa,4/4/19,4,4,1919,0,CA,LOS ANGELES,-117.88,34.09,-101
156,fa,4/4/80,4,4,1980,0,BAJA CALIFORNIA SUR, ,-111.75,26.25,-69
157,ma,4/5/82,5,4,1982,0,CA,YOLO,-121.96,38.52,-105
158,ma,4/14/63,14,4,1963,0,GUERRERO, ,-99.66,17.5,-77
159,fa,4/14/61,14,4,1961,0,NM,CATRON,-108.1,33.33,-127
160,fa,4/14/60,14,4,1960,0,NM,BERNALILLO,-106.61,35.18,-74
161,ma,4/17/25,17,4,1925,0,BAJA CALIFORNIA, ,-115.76,30.86,-84
162,fa,4/18/55,18,4,1955,0,IN,WAYNE,-84.94,39.9,-66
163,ma,4/19/63,19,4,1963,0,GUERRERO, ,-99.66,17.5,-63
164,fa,4/25/15,25,4,1915,0,AZ,COCHISE,-109.35,32,-70
165,fa,4/29/60,29,4,1960,0,TN,RHEA,-85.26,35.49,-111
166,fa,5/1/58,1,5,1958,0,UT,TOOELE,-112.74,40.53,-103
167,fa,5/2/41,2,5,1941,0,GUERRERO, ,-99.5,17.55,-107
168,fa,5/2/36,2,5,1936,0,IN,MONROE,-86.52,39.16,-140
169,fa,5/8/02,8,5,2002,0,NM,Bernalillo,-106.31,35.2,-73
170,fa,5/8/02,8,5,2002,0,NM,Bernalillo,-106.31,35.2,-81
171,fa,5/8/99,8,5,1999,0,TX,VAL VERDE,-100.98,29.89,-99
172,fa,5/9/02,9,5,2002,0,NM,Bernalillo,-106.31,35.2,-78
173,fa,5/9/02,9,5,2002,0,NM,Bernalillo,-106.31,35.2,-80
174,fa,5/9/02,9,5,2002,0,NM,Bernalillo,-106.31,35.2,-108
175,fa,5/10/02,10,5,2002,0,NM,Bernalillo,-106.31,35.2,-75
176,fa,5/10/02,10,5,2002,0,NM,Bernalillo,-106.31,35.2,-95
177,fa,5/10/02,10,5,2002,0,NM,Bernalillo,-106.31,35.2,-95
178,ma,5/10/02,10,5,2002,0,NM,Bernalillo,-106.31,35.2,-73
179,fa,5/11/02,11,5,2002,0,NM,Bernalillo,-106.31,35.2,-120
180,fa,5/11/02,11,5,2002,0,NM,Bernalillo,-106.31,35.2,-72
181,fa,5/11/02,11,5,2002,0,NM,Bernalillo,-106.31,35.2,-81
182,fa,5/12/02,12,5,2002,0,NM,Bernalillo,-106.31,35.2,-69
183,fa,5/12/02,12,5,2002,0,NM,Bernalillo,-106.31,35.2,-85
184,fa,5/12/02,12,5,2002,0,NM,Bernalillo,-106.31,35.2,-63
185,fa,5/13/02,13,5,2002,0,NM,Bernalillo,-106.31,35.2,-82
186,fa,5/13/02,13,5,2002,0,NM,Bernalillo,-106.31,35.2,-95
187,fa,5/13/02,13,5,2002,0,NM,Bernalillo,-106.31,35.2,-100
188,fa,5/14/02,14,5,2002,0,NM,Bernalillo,-106.31,35.2,-98
189,fa,5/14/02,14,5,2002,0,NM,Bernalillo,-106.31,35.2,-80
190,fa,5/14/02,14,5,2002,0,NM,Bernalillo,-106.31,35.2,-89
191,fa,5/15/02,15,5,2002,0,NM,Bernalillo,-106.31,35.2,-99
192,fa,5/15/02,15,5,2002,0,NM,Bernalillo,-106.31,35.2,-119
193,fa,5/15/02,15,5,2002,0,NM,Bernalillo,-106.31,35.2,-122
194,ma,5/15/02,15,5,2002,0,NM,Bernalillo,-106.31,35.2,-66
195,ma,5/15/02,15,5,2002,0,NM,Bernalillo,-106.31,35.2,-70
196,fa,5/16/02,16,5,2002,0,NM,Bernalillo,-106.31,35.2,-91
197,fa,5/16/02,16,5,2002,0,NM,Bernalillo,-106.31,35.2,-101
198,fa,5/16/02,16,5,2002,0,NM,Bernalillo,-106.31,35.2,-98
199,ma,5/16/02,16,5,2002,0,NM,Bernalillo,-106.31,35.2,-82
200,ma,5/16/02,16,5,2002,0,NM,Bernalillo,-106.31,35.2,-81
201,ma,5/16/02,16,5,2002,0,NM,Bernalillo,-106.31,35.2,-62
202,fa,5/17/02,17,5,2002,0,NM,Bernalillo,-106.31,35.2,-90
203,fa,5/17/02,17,5,2002,0,NM,Bernalillo,-106.31,35.2,-83
204,fa,5/17/02,17,5,2002,0,NM,Bernalillo,-106.31,35.2,-77
205,fa,5/17/02,17,5,2002,0,NM,Bernalillo,-106.31,35.2,-113
206,ma,5/17/02,17,5,2002,0,NM,Bernalillo,-106.31,35.2,-83
207,fa,5/18/02,18,5,2002,0,NM,Bernalillo,-106.31,35.2,-102
208,fa,5/18/02,18,5,2002,0,NM,Bernalillo,-106.31,35.2,-97
209,fa,5/18/02,18,5,2002,0,NM,Bernalillo,-106.31,35.2,-89
210,fa,5/19/02,19,5,2002,0,NM,Bernalillo,-106.31,35.2,-67
211,fa,5/19/02,19,5,2002,0,NM,Bernalillo,-106.31,35.2,-78
212,fa,5/19/02,19,5,2002,0,NM,Bernalillo,-106.31,35.2,-124
213,ma,5/19/02,19,5,2002,0,NM,Bernalillo,-106.31,35.2,-55
214,fa,5/19/61,19,5,1961,0,NM,BERNALILLO,-106.54,35.02,-92
215,fa,5/20/02,20,5,2002,0,NM,Bernalillo,-106.31,35.2,-115
216,fa,5/20/02,20,5,2002,0,NM,Bernalillo,-106.31,35.2,-111
217,fa,5/20/02,20,5,2002,0,NM,Bernalillo,-106.31,35.2,-92
218,ma,5/20/02,20,5,2002,0,NM,Bernalillo,-106.31,35.2,-111
219,ma,5/20/02,20,5,2002,0,NM,Bernalillo,-106.31,35.2,-55
220,fa,5/20/02,20,5,2002,0,NE,Scotts Bluff,-103.81,41.76,-94
221,fa,5/20/02,20,5,2002,0,NE,Scotts Bluff,-103.81,41.76,-88
222,fa,5/21/02,21,5,2002,0,NM,Bernalillo,-106.31,35.2,-78
223,fa,5/21/02,21,5,2002,0,NM,Bernalillo,-106.31,35.2,-112
224,ma,5/21/02,21,5,2002,0,NM,Bernalillo,-106.31,35.2,-95
225,ma,5/21/02,21,5,2002,0,NM,Bernalillo,-106.31,35.2,-84
226,fa,5/22/02,22,5,2002,0,NM,Bernalillo,-106.31,35.2,-96
227,fa,5/22/02,22,5,2002,0,NM,Bernalillo,-106.31,35.2,-83
228,ma,5/22/02,22,5,2002,0,NM,Bernalillo,-106.31,35.2,-69
229,ma,5/23/02,23,5,2002,0,NM,Bernalillo,-106.31,35.2,-116
230,ma,5/23/02,23,5,2002,0,NM,Bernalillo,-106.31,35.2,-77
231,ma,5/23/02,23,5,2002,0,NM,Bernalillo,-106.31,35.2,-73
232,fa,5/26/61,26,5,1961,0,NM,BERNALILLO,-106.38,35.07,-128
233,ma,5/27/62,27,5,1962,0,CA,MONTEREY,-121.55,36.37,-97
234,ma,5/28/78,28,5,1978,0,UT,WASHINGTON,-113.46,36.99,-109
235,fa,5/29/05,29,5,1905,0,CA,INYO,-118.28,37.16,-83
236,fa,5/28/48,28,5,1948,0,IN,TIPPECANOE,-86.87,40.41,-58
237,fa,5/30/05,30,5,1905,0,CO,WELD,-104.7,40.42,-102
238,fa,5/29/48,29,5,1948,0,IN,TIPPECANOE,-86.87,40.41,-77
239,ma,6/7/61,7,6,1961,0,NM,BERNALILLO,-106.38,35.07,-62
240,ma,6/9/01,9,6,2001,0,AZ,Cochise,-106.83,31.89,-86
241,ma,6/10/01,10,6,2001,0,AZ,Cochise,-109.14,31.91,-79
242,ma,6/10/79,10,6,1979,0,CA,EL DORADO,-120.52,38.63,-84
243,mj,6/14/63,14,6,1963,0,IN,WAYNE,-84.89,39.82,-79
244,ma,6/18/01,18,6,2001,0,AZ,Cochise,-106.82,31.88,-95
245,ma,6/19/01,19,6,2001,0,AZ,Cochise,-106.84,31.9,-82
246,fa,6/19/79,19,6,1979,0,OK,CIMARRON,-102.96,36.9,-135
247,fj,7/11/01,11,7,2001,0,ALBERTA, ,-110,50.96,-132
248,fa,8/23/02,23,8,2002,0,NM,Sandoval,-106.29,35.21,-77
249,fa,8/23/02,23,8,2002,0,NM,Sandoval,-106.29,35.21,-77
250,fa,8/24/94,24,8,1994,0,OR,UMATILLA,-119.21,45.78,-102
251,fa,8/24/87,24,8,1987,0,WA,CLALLAM,-123.1,48.07,-99
252,fa,8/24/94,24,8,1994,0,OR,UMATILLA,-119.21,45.78,-102
253,fa,8/24/87,24,8,1987,0,WA,CLALLAM,-123.1,48.07,-99
254,fa,8/25/57,25,8,1957,0,NM,BERNALILLO,-106.63,35.15,-83
255,fa,8/26/63,26,8,1963,0,NM,CHAVES,-105.2,32.81,-91
256,fa,8/27/63,27,8,1963,0,NM,OTERO,-105.67,32.82,-126
257,fa,8/27/79,27,8,1979,0,NM,OTERO,-105.91,32.74,-103
258,fa,8/27/20,27,8,1920,0,NM,DONA ANA,-106.77,32.31,-83
259,fa,8/30/01,30,8,2001,0,CO,Larimer,-105.08,40.58,-86
260,fa,8/29/60,29,8,1960,0,NM,SANTA FE,-105.93,35.76,-85
261,ma,8/31/27,31,8,1927,0,BRITISH COLUMBIA, ,-122.75,49.91,-100
262,ma,8/30/64,30,8,1964,0,SONORA, ,-108.91,28.36,-97
263,fa,9/1/33,1,9,1933,0,WA,KING,-122.33,47.6,-75
264,ma,9/1/64,1,9,1964,0,ONTARIO, ,-79.03,43.86,-92
265,fa,9/3/82,3,9,1982,0,KS,FRANKLIN,-95.45,38.6,-84
266,fa,9/3/63,3,9,1963,0,SONORA, ,-110.13,29,-86
267,fa,9/5/82,5,9,1982,0,NM,CIBOLA,-107.6,35.25,-85
268,ma,9/6/92,6,9,1992,0,BRITISH COLUMBIA, ,-123.13,49.25,-80
269,ma,9/8/67,8,9,1967,0,NM,HIDALGO,-109.08,31.33,-86
270,fa,9/9/67,9,9,1967,0,NM,HIDALGO,-109.08,31.33,-90
271,ma,9/9/68,9,9,1968,0,CHIHUAHUA, ,-107.91,30.41,-135
272,fa,9/10/55,10,9,1955,0,NM,BERNALILLO,-106.65,35.08,-125
273,ma,9/11/78,11,9,1978,0,OR,UNION,-118.08,45.32,-91
274,ma,9/11/87,11,9,1987,0,TX,COKE,-100.68,32.07,-85
275,ma,9/12/99,12,9,1999,0,TX,VAL VERDE,-100.98,29.89,-89
276,fa,9/12/41,12,9,1941,0,UT,SALT LAKE,-111.89,40.76,-104
277,fa,9/15/50,15,9,1950,0,UT,WEBER,-111.97,41.22,-119
278,ma,9/19/02,19,9,2002,0,CA,San Francisco,-123.02,37.72,-115
279,ma,9/19/02,19,9,2002,0,CA,San Francisco,-123.02,37.72,-114
280,fa,9/19/02,19,9,2002,0,CA,San Francisco,-123.02,37.72,-82
281,fa,9/19/02,19,9,2002,0,CA,San Francisco,-123.02,37.72,-82
282,fa,9/27/69,27,9,1969,0,TX,EL PASO,-106.48,31.75,-88
283,fa,9/30/93,30,9,1993,0,NC,CRAVEN,-76.9,34.87,-75
284,ma,9/30/78,30,9,1978,0,OK,CLEVELAND,-97.43,35.22,-89
285,fa,10/1/74,1,10,1974,0,TX,TOM GREEN,-100.53,31.37,-126
286,fa,10/4/69,4,10,1969,0,CO,LARIMER,-105.08,40.58,-76
287,ma,10/6/74,6,10,1974,0,SONORA, ,-108.83,30.4,-63
288,fa,10/6/89,6,10,1989,0,TX,TOM GREEN,-100.49,31.19,-117
289,fa,10/9/24,9,10,1924,0,OR,TILLAMOOK,-123.84,45.45,-74
290,fa,10/12/31,12,10,1931,0,AZ,YAVAPAI,-111.85,34.56,-142
291,ma,10/13/82,13,10,1982,0,SONORA, ,-113.78,31.65,-91
292,fa,10/14/32,14,10,1932,0,BRITISH COLUMBIA, ,-119.36,50.23,-110
293,ma,10/15/58,15,10,1958,0,BRITISH COLUMBIA, ,-119.48,49.9,-90
294,fa,10/18/17,18,10,1917,0,OR,MARION,-123.03,44.94,-69
295,fa,10/20/30,20,10,1930,0,ID,BANNOCK,-112.25,42.79,-85
296,fa,10/21/87,21,10,1987,0,FL,Baker,-82.32,30.26,-64
297,ma,10/21/75,21,10,1975,0,NAYARIT, ,-104.58,21.6,-68
298,ma,10/23/93,23,10,1993,0,TX,EL PASO,-106.48,31.75,-98
299,fa,10/25/35,25,10,1935,0,OR,TILLAMOOK,-123.84,45.45,-83
300,fa,10/26/91,26,10,1991,0,TX,IRION,-100.66,31.25,-89
301,fa,10/29/63,29,10,1963,0,CA,SANTA BARBARA,-119.82,34.43,-136
302,fa,11/2/67,2,11,1967,0,CA,SANTA BARBARA,-119.67,34.42,-120
303,ma,11/5/62,5,11,1962,0,JALISCO, ,-104.56,23.87,-61
304,ma,11/20/77,20,11,1977,0,BAJA CALIFORNIA SUR, ,-109.49,23.53,-87
305,ma,11/25/20,25,11,1920,0,CA,HUMBOLDT,-124.09,40.54,-92
306,ma,11/30/46,30,11,1946,0,SAN LUIS POTOSI, ,-99.26,22.36,-89
307,fa,12/1/49,1,12,1949,0,CA,LOS ANGELES,-118.24,34.05,-126
308,ma,12/3/75,3,12,1975,0,OR,JACKSON,-122.7,42.19,-87
309,fa,12/9/82,9,12,1982,0,TX,MIDLAND,-102.07,31.99,-74
310,ma,12/12/77,12,12,1977,0,MICHOACAN, ,-102.36,19.33,-58
311,ma,12/20/67,20,12,1967,0,CA,SANTA BARBARA,-119.69,34.42,-85
312,fa,12/25/44,25,12,1944,0,GUERRERO, ,-99.66,17.5,-102
313,ma,12/29/06,29,12,1906,0,CA,LOS ANGELES,-117.86,34.13,-118
314,ma,7/16/08,16,7,2008,1,NY,Lewis,-75.49,42.78,-96
315,ma,7/17/08,17,7,2008,1,NY,Lewis,-75.49,42.78,-64
316,ma,7/18/08,18,7,2008,1,NY,Lewis,-75.49,42.78,-91
317,ma,7/20/07,20,7,2007,1,NY,Lewis,-75.49,42.78,-93
318,mj,7/21/07,21,7,2007,1,NY,Lewis,-75.49,42.78,-61
319,ma,7/20/08,20,7,2008,1,NY,Lewis,-75.49,42.78,-66
320,fa,7/21/08,21,7,2008,1,NY,Lewis,-75.49,42.78,-56
323,fj,7/22/08,22,7,2008,1,NY,Lewis,-75.49,42.78,-99
325,fa,7/23/08,23,7,2008,1,NY,Wyoming,-78.25,42.57,-49
326,ma,7/23/08,23,7,2008,1,NY,Lewis,-75.49,42.78,-70
327,ma,7/23/08,23,7,2008,1,NY,Lewis,-75.49,42.78,-87
328,ma,7/23/08,23,7,2008,1,NY,Lewis,-75.49,42.78,-79
329,ma,7/23/08,23,7,2008,1,NY,Wyoming,-78.25,42.57,-60
330,fa,7/24/08,24,7,2008,1,NY,Lewis,-75.49,42.78,-84
331,mj,7/25/07,25,7,2007,1,NY,Lewis,-75.49,42.78,-108
332,fj,7/26/07,26,7,2007,1,NY,Lewis,-75.49,42.78,-94
334,mj,7/27/07,27,7,2007,1,NY,Lewis,-75.49,42.78,-79
338,mj,7/29/08,29,7,2008,1,NY,Wyoming,-78.25,42.57,-79
339,ma,7/29/08,29,7,2008,1,NY,Lewis,-75.49,42.78,-62
341,mj,7/31/07,31,7,2007,1,NY,Lewis,-75.49,42.78,-85
342,ma,7/31/07,31,7,2007,1,NY,Lewis,-75.49,42.78,-92
343,ma,7/30/08,30,7,2008,1,NY,Lewis,-75.49,42.78,-88
344,ma,7/30/08,30,7,2008,1,NY,Lewis,-75.49,42.78,-80
346,fa,8/1/08,1,8,2008,1,NY,Lewis,-75.49,42.78,-74
347,mj,8/1/08,1,8,2008,1,NY,Wyoming,-78.25,42.57,-89
348,fj,8/2/08,2,8,2008,1,NY,Wyoming,-78.25,42.57,-77
349,ma,8/5/07,5,8,2007,1,NY,Lewis,-75.49,42.78,-96
350,fj,8/7/08,7,8,2008,1,NY,Clinton,-73.91,44.84,-91
351,ma,8/7/08,7,8,2008,1,NY,Clinton,-73.94,44.94,-71
352,ma,8/7/08,7,8,2008,1,NY,Clinton,-73.91,44.84,-73
353,ma,8/8/06,8,8,2006,1,NY,Lewis,-75.49,42.78,-88
354,ma,8/8/08,8,8,2008,1,NY,Clinton,-73.94,44.94,-71
355,ma,8/9/07,9,8,2007,1,NY,Lewis,-75.49,42.78,-65
356,ma,8/9/08,9,8,2008,1,NY,Clinton,-73.91,44.84,-75
357,ma,8/10/07,10,8,2007,1,NY,Lewis,-75.49,42.78,-82
358,ma,8/12/07,12,8,2007,1,NY,Lewis,-75.49,42.78,-78
360,ma,8/14/07,14,8,2007,1,NY,Lewis,-75.49,42.78,-96
363,fa,8/14/08,14,8,2008,1,TX,Briscoe,-99.35,32.75,-74
367,ma,8/16/07,16,8,2007,1,NY,Lewis,-75.49,42.78,-85
368,ma,8/17/06,17,8,2006,1,NY,Lewis,-75.49,42.78,-71
369,fj,8/18/07,18,8,2007,1,NY,Lewis,-75.49,42.78,-92
370,ma,8/18/07,18,8,2007,1,NY,Lewis,-75.49,42.78,-79
371,fa,8/18/08,18,8,2008,1,TX,Briscoe,-99.35,32.75,-101
372,ma,8/18/08,18,8,2008,1,TX,Briscoe,-99.35,32.75,-57
373,fa,8/20/06,20,8,2006,1,NY,Lewis,-75.49,42.78,-68
374,fa,8/19/08,19,8,2008,1,TX,Briscoe,-99.35,32.75,-76
376,ma,8/20/08,20,8,2008,1,NY,Wyoming,-78.25,42.57,-76
377,ma,8/20/08,20,8,2008,1,TX,Briscoe,-99.35,32.75,-113
378,fa,8/21/08,21,8,2008,1,TX,Briscoe,-99.35,32.75,-86
379,fa,8/21/08,21,8,2008,1,TX,Briscoe,-99.35,32.75,-76
380,fa,8/21/08,21,8,2008,1,TX,Briscoe,-99.35,32.75,-82
381,ma,8/21/08,21,8,2008,1,NY,Wyoming,-78.25,42.57,-66
382,fa,8/24/06,24,8,2006,1,NY,Lewis,-75.49,42.78,-79
383,fa,8/24/06,24,8,2006,1,NY,Lewis,-75.49,42.78,-75
384,fa,8/23/08,23,8,2008,1,NY,Wyoming,-78.25,42.57,-91
385,ma,8/24/06,24,8,2006,1,NY,Lewis,-75.49,42.78,-85